{
  "baseline": {
    "per_channel_db": [
      3.97732942907743,
      4.86341831958499,
      3.485512067381935,
      3.7449751197087906
    ],
    "average_db": 4.017808733938287
  },
  "yours": {
    "per_channel_db": [
      9.236081548531125,
      10.219734031037845,
      9.265723845474472,
      7.907600996667199
    ],
    "average_db": 9.157285105427661
  }
}